[{"model": "admin.logentry", "pk": 1, "fields": {"action_time": "2022-08-18T10:04:41.121Z", "user": 1, "content_type": 4, "object_id": "2", "object_repr": "piotr", "action_flag": 1, "change_message": "[{\"added\": {}}]"}}, {"model": "admin.logentry", "pk": 2, "fields": {"action_time": "2022-08-18T10:05:31.624Z", "user": 1, "content_type": 7, "object_id": "1", "object_repr": "Nazwa u┐ytkownika:piotr Typu: Lekarz", "action_flag": 1, "change_message": "[{\"added\": {}}]"}}, {"model": "admin.logentry", "pk": 3, "fields": {"action_time": "2022-08-18T10:06:07.477Z", "user": 1, "content_type": 7, "object_id": "2", "object_repr": "Nazwa u┐ytkownika:brutek Typu: Administrator", "action_flag": 1, "change_message": "[{\"added\": {}}]"}}, {"model": "admin.logentry", "pk": 4, "fields": {"action_time": "2022-08-18T10:06:42.474Z", "user": 1, "content_type": 8, "object_id": "1", "object_repr": "Dentysta", "action_flag": 1, "change_message": "[{\"added\": {}}]"}}, {"model": "admin.logentry", "pk": 5, "fields": {"action_time": "2022-08-18T10:06:54.232Z", "user": 1, "content_type": 8, "object_id": "2", "object_repr": "Logopeda", "action_flag": 1, "change_message": "[{\"added\": {}}]"}}, {"model": "admin.logentry", "pk": 6, "fields": {"action_time": "2022-08-18T10:07:05.844Z", "user": 1, "content_type": 11, "object_id": "1", "object_repr": "Lekarz: Piotr P Specjalizacje: Dentysta", "action_flag": 1, "change_message": "[{\"added\": {}}]"}}, {"model": "admin.logentry", "pk": 7, "fields": {"action_time": "2022-08-18T10:10:03.536Z", "user": 1, "content_type": 4, "object_id": "3", "object_repr": "adam56", "action_flag": 1, "change_message": "[{\"added\": {}}]"}}, {"model": "admin.logentry", "pk": 8, "fields": {"action_time": "2022-08-18T10:10:46.358Z", "user": 1, "content_type": 7, "object_id": "3", "object_repr": "Nazwa u┐ytkownika:adam56 Typu: Lekarz", "action_flag": 1, "change_message": "[{\"added\": {}}]"}}, {"model": "admin.logentry", "pk": 9, "fields": {"action_time": "2022-08-18T10:11:18.975Z", "user": 1, "content_type": 11, "object_id": "2", "object_repr": "Lekarz: Piotr P Specjalizacje: Logopeda", "action_flag": 1, "change_message": "[{\"added\": {}}]"}}, {"model": "admin.logentry", "pk": 10, "fields": {"action_time": "2022-08-18T10:12:51.393Z", "user": 1, "content_type": 11, "object_id": "3", "object_repr": "Lekarz: Adam Adamski Specjalizacje: Dentysta", "action_flag": 1, "change_message": "[{\"added\": {}}]"}}, {"model": "admin.logentry", "pk": 11, "fields": {"action_time": "2022-08-20T09:56:29.101Z", "user": 1, "content_type": 4, "object_id": "2", "object_repr": "piotr", "action_flag": 2, "change_message": "[{\"changed\": {\"fields\": [\"Email address\"]}}]"}}, {"model": "admin.logentry", "pk": 12, "fields": {"action_time": "2022-08-20T09:56:45.170Z", "user": 1, "content_type": 4, "object_id": "3", "object_repr": "adam56", "action_flag": 2, "change_message": "[{\"changed\": {\"fields\": [\"Email address\"]}}]"}}, {"model": "admin.logentry", "pk": 13, "fields": {"action_time": "2022-08-20T09:57:12.270Z", "user": 1, "content_type": 7, "object_id": "1", "object_repr": "Nazwa u┐ytkownika:piotr Typu: Lekarz", "action_flag": 2, "change_message": "[{\"changed\": {\"fields\": [\"Surname\"]}}]"}}, {"model": "admin.logentry", "pk": 14, "fields": {"action_time": "2022-08-20T09:57:15.531Z", "user": 1, "content_type": 7, "object_id": "3", "object_repr": "Nazwa u┐ytkownika:adam56 Typu: Lekarz", "action_flag": 2, "change_message": "[]"}}, {"model": "admin.logentry", "pk": 15, "fields": {"action_time": "2022-08-20T09:57:18.339Z", "user": 1, "content_type": 7, "object_id": "2", "object_repr": "Nazwa u┐ytkownika:brutek Typu: Administrator", "action_flag": 2, "change_message": "[]"}}, {"model": "admin.logentry", "pk": 16, "fields": {"action_time": "2022-08-20T09:57:21.212Z", "user": 1, "content_type": 7, "object_id": "1", "object_repr": "Nazwa u┐ytkownika:piotr Typu: Lekarz", "action_flag": 2, "change_message": "[]"}}, {"model": "admin.logentry", "pk": 17, "fields": {"action_time": "2022-08-20T09:58:33.730Z", "user": 1, "content_type": 8, "object_id": "3", "object_repr": "Alergolog", "action_flag": 1, "change_message": "[{\"added\": {}}]"}}, {"model": "admin.logentry", "pk": 18, "fields": {"action_time": "2022-08-20T09:59:04.960Z", "user": 1, "content_type": 8, "object_id": "4", "object_repr": "Chirurg", "action_flag": 1, "change_message": "[{\"added\": {}}]"}}, {"model": "admin.logentry", "pk": 19, "fields": {"action_time": "2022-08-20T09:59:19.576Z", "user": 1, "content_type": 8, "object_id": "5", "object_repr": "Okulista", "action_flag": 1, "change_message": "[{\"added\": {}}]"}}, {"model": "admin.logentry", "pk": 20, "fields": {"action_time": "2022-08-20T09:59:29.285Z", "user": 1, "content_type": 8, "object_id": "6", "object_repr": "Ortopeda", "action_flag": 1, "change_message": "[{\"added\": {}}]"}}, {"model": "admin.logentry", "pk": 21, "fields": {"action_time": "2022-08-20T09:59:54.516Z", "user": 1, "content_type": 8, "object_id": "7", "object_repr": "Reumatolog", "action_flag": 1, "change_message": "[{\"added\": {}}]"}}, {"model": "admin.logentry", "pk": 22, "fields": {"action_time": "2022-08-20T10:00:01.648Z", "user": 1, "content_type": 8, "object_id": "8", "object_repr": "Dermatolog", "action_flag": 1, "change_message": "[{\"added\": {}}]"}}, {"model": "admin.logentry", "pk": 23, "fields": {"action_time": "2022-08-20T10:00:25.918Z", "user": 1, "content_type": 8, "object_id": "9", "object_repr": "Gastrolog", "action_flag": 1, "change_message": "[{\"added\": {}}]"}}, {"model": "admin.logentry", "pk": 24, "fields": {"action_time": "2022-08-20T10:00:35.107Z", "user": 1, "content_type": 8, "object_id": "10", "object_repr": "Internista", "action_flag": 1, "change_message": "[{\"added\": {}}]"}}, {"model": "admin.logentry", "pk": 25, "fields": {"action_time": "2022-08-20T10:00:49.826Z", "user": 1, "content_type": 8, "object_id": "11", "object_repr": "Urolog", "action_flag": 1, "change_message": "[{\"added\": {}}]"}}, {"model": "admin.logentry", "pk": 26, "fields": {"action_time": "2022-08-20T10:01:57.841Z", "user": 1, "content_type": 8, "object_id": "12", "object_repr": "Immunolog", "action_flag": 1, "change_message": "[{\"added\": {}}]"}}, {"model": "admin.logentry", "pk": 27, "fields": {"action_time": "2022-08-20T10:02:22.687Z", "user": 1, "content_type": 8, "object_id": "13", "object_repr": "Endokrynolog", "action_flag": 1, "change_message": "[{\"added\": {}}]"}}, {"model": "admin.logentry", "pk": 28, "fields": {"action_time": "2022-08-20T10:05:53.612Z", "user": 1, "content_type": 8, "object_id": "14", "object_repr": "Psycholog", "action_flag": 1, "change_message": "[{\"added\": {}}]"}}, {"model": "admin.logentry", "pk": 29, "fields": {"action_time": "2022-08-20T11:02:08.639Z", "user": 1, "content_type": 9, "object_id": "1", "object_repr": "Termin: 2022-08-20 13:02:00+02:00 Wolny", "action_flag": 1, "change_message": "[{\"added\": {}}]"}}, {"model": "admin.logentry", "pk": 30, "fields": {"action_time": "2022-08-20T11:02:19.646Z", "user": 1, "content_type": 9, "object_id": "2", "object_repr": "Termin: 2022-08-21 13:02:11+02:00 Wolny", "action_flag": 1, "change_message": "[{\"added\": {}}]"}}, {"model": "admin.logentry", "pk": 31, "fields": {"action_time": "2022-08-20T11:06:12.356Z", "user": 1, "content_type": 9, "object_id": "2", "object_repr": "Termin: 2022-08-21 11:02:11+00:00 Wolny", "action_flag": 3, "change_message": ""}}, {"model": "admin.logentry", "pk": 32, "fields": {"action_time": "2022-08-20T11:06:12.482Z", "user": 1, "content_type": 9, "object_id": "1", "object_repr": "Termin: 2022-08-20 11:02:00+00:00 Wolny", "action_flag": 3, "change_message": ""}}, {"model": "admin.logentry", "pk": 33, "fields": {"action_time": "2022-08-20T11:08:00.268Z", "user": 1, "content_type": 9, "object_id": "1", "object_repr": "Termin: 2022-08-20 13:07:47+02:00 Wolny", "action_flag": 1, "change_message": "[{\"added\": {}}]"}}, {"model": "admin.logentry", "pk": 34, "fields": {"action_time": "2022-08-20T11:09:30.094Z", "user": 1, "content_type": 9, "object_id": "2", "object_repr": "Termin: 2022-08-23 13:08:02+02:00 Wolny", "action_flag": 1, "change_message": "[{\"added\": {}}]"}}, {"model": "admin.logentry", "pk": 35, "fields": {"action_time": "2022-08-20T11:09:44.037Z", "user": 1, "content_type": 9, "object_id": "3", "object_repr": "Termin: 2022-08-23 13:09:33+02:00 Wolny", "action_flag": 1, "change_message": "[{\"added\": {}}]"}}, {"model": "admin.logentry", "pk": 36, "fields": {"action_time": "2022-08-20T11:10:24.784Z", "user": 1, "content_type": 9, "object_id": "4", "object_repr": "Termin: 2022-08-24 17:10:09+02:00 Wolny", "action_flag": 1, "change_message": "[{\"added\": {}}]"}}, {"model": "admin.logentry", "pk": 37, "fields": {"action_time": "2022-08-20T11:10:59.276Z", "user": 1, "content_type": 9, "object_id": "5", "object_repr": "Termin: 2022-08-20 13:10:51+02:00 Wolny", "action_flag": 1, "change_message": "[{\"added\": {}}]"}}, {"model": "admin.logentry", "pk": 38, "fields": {"action_time": "2022-08-22T10:31:43.031Z", "user": 1, "content_type": 10, "object_id": "1", "object_repr": "Pacjent: Adam Adamski Lekarz: Piotr Polny Data: 2022-08-23 11:08:02+00:00", "action_flag": 3, "change_message": ""}}, {"model": "admin.logentry", "pk": 39, "fields": {"action_time": "2022-08-22T10:39:28.376Z", "user": 1, "content_type": 7, "object_id": "4", "object_repr": "Nazwa u┐ytkownika:DominikT Typu: Lekarz", "action_flag": 2, "change_message": "[{\"changed\": {\"fields\": [\"UserType\"]}}]"}}, {"model": "admin.logentry", "pk": 40, "fields": {"action_time": "2022-08-22T10:39:39.619Z", "user": 1, "content_type": 11, "object_id": "4", "object_repr": "Lekarz: Dominik Toreto Specjalizacje: Okulista", "action_flag": 1, "change_message": "[{\"added\": {}}]"}}, {"model": "admin.logentry", "pk": 41, "fields": {"action_time": "2022-08-22T10:53:09.626Z", "user": 1, "content_type": 11, "object_id": "5", "object_repr": "Lekarz: Dominik Toreto Specjalizacje: Reumatolog", "action_flag": 1, "change_message": "[{\"added\": {}}]"}}, {"model": "admin.logentry", "pk": 42, "fields": {"action_time": "2022-08-22T10:56:30.909Z", "user": 1, "content_type": 7, "object_id": "8", "object_repr": "Nazwa u┐ytkownika:Wojciech546789 Typu: Lekarz", "action_flag": 2, "change_message": "[{\"changed\": {\"fields\": [\"UserType\"]}}]"}}, {"model": "admin.logentry", "pk": 43, "fields": {"action_time": "2022-08-22T10:56:38.976Z", "user": 1, "content_type": 7, "object_id": "7", "object_repr": "Nazwa u┐ytkownika:ROMAN4 Typu: Lekarz", "action_flag": 2, "change_message": "[{\"changed\": {\"fields\": [\"UserType\"]}}]"}}, {"model": "admin.logentry", "pk": 44, "fields": {"action_time": "2022-08-22T10:56:52.449Z", "user": 1, "content_type": 8, "object_id": "15", "object_repr": "Pediatra", "action_flag": 1, "change_message": "[{\"added\": {}}]"}}, {"model": "admin.logentry", "pk": 45, "fields": {"action_time": "2022-08-22T10:57:06.061Z", "user": 1, "content_type": 11, "object_id": "6", "object_repr": "Lekarz: Wojciech Toreto Specjalizacje: Pediatra", "action_flag": 1, "change_message": "[{\"added\": {}}]"}}, {"model": "admin.logentry", "pk": 46, "fields": {"action_time": "2022-08-22T10:57:27.510Z", "user": 1, "content_type": 11, "object_id": "7", "object_repr": "Lekarz: Roman Romek Specjalizacje: Alergolog", "action_flag": 1, "change_message": "[{\"added\": {}}]"}}, {"model": "admin.logentry", "pk": 47, "fields": {"action_time": "2022-08-22T10:57:37.192Z", "user": 1, "content_type": 11, "object_id": "5", "object_repr": "Lekarz: Dominik Toreto Specjalizacje: Reumatolog", "action_flag": 3, "change_message": ""}}, {"model": "admin.logentry", "pk": 48, "fields": {"action_time": "2022-08-22T10:57:46.033Z", "user": 1, "content_type": 11, "object_id": "8", "object_repr": "Lekarz: Roman Romek Specjalizacje: Reumatolog", "action_flag": 1, "change_message": "[{\"added\": {}}]"}}, {"model": "admin.logentry", "pk": 49, "fields": {"action_time": "2022-08-22T11:09:06.650Z", "user": 1, "content_type": 9, "object_id": "6", "object_repr": "Termin: 2022-08-29 13:08:44+02:00 Wolny", "action_flag": 1, "change_message": "[{\"added\": {}}]"}}, {"model": "admin.logentry", "pk": 50, "fields": {"action_time": "2022-08-22T11:09:42.737Z", "user": 1, "content_type": 9, "object_id": "7", "object_repr": "Termin: 2022-08-22 23:09:28+02:00 Wolny", "action_flag": 1, "change_message": "[{\"added\": {}}]"}}, {"model": "admin.logentry", "pk": 51, "fields": {"action_time": "2022-08-22T11:10:11.581Z", "user": 1, "content_type": 9, "object_id": "8", "object_repr": "Termin: 2022-08-22 18:09:59+02:00 Wolny", "action_flag": 1, "change_message": "[{\"added\": {}}]"}}, {"model": "admin.logentry", "pk": 52, "fields": {"action_time": "2022-08-22T11:10:37.255Z", "user": 1, "content_type": 9, "object_id": "9", "object_repr": "Termin: 2022-08-27 13:10:20+02:00 Wolny", "action_flag": 1, "change_message": "[{\"added\": {}}]"}}, {"model": "admin.logentry", "pk": 53, "fields": {"action_time": "2022-08-22T12:38:54.286Z", "user": 1, "content_type": 9, "object_id": "9", "object_repr": "ID:9 Termin: 2022-08-27 13:10:20+02:00 Wolny", "action_flag": 2, "change_message": "[{\"changed\": {\"fields\": [\"Taken\"]}}]"}}, {"model": "admin.logentry", "pk": 54, "fields": {"action_time": "2022-08-22T12:38:55.876Z", "user": 1, "content_type": 9, "object_id": "9", "object_repr": "ID:9 Termin: 2022-08-27 13:10:20+02:00 Wolny", "action_flag": 2, "change_message": "[]"}}, {"model": "admin.logentry", "pk": 55, "fields": {"action_time": "2022-08-22T12:38:57.573Z", "user": 1, "content_type": 9, "object_id": "9", "object_repr": "ID:9 Termin: 2022-08-27 13:10:20+02:00 Wolny", "action_flag": 2, "change_message": "[]"}}, {"model": "admin.logentry", "pk": 56, "fields": {"action_time": "2022-08-22T12:38:58.520Z", "user": 1, "content_type": 9, "object_id": "9", "object_repr": "ID:9 Termin: 2022-08-27 13:10:20+02:00 Wolny", "action_flag": 2, "change_message": "[]"}}, {"model": "admin.logentry", "pk": 57, "fields": {"action_time": "2022-08-22T12:39:02.614Z", "user": 1, "content_type": 9, "object_id": "8", "object_repr": "ID:8 Termin: 2022-08-22 18:09:59+02:00 Wolny", "action_flag": 2, "change_message": "[{\"changed\": {\"fields\": [\"Taken\"]}}]"}}, {"model": "admin.logentry", "pk": 58, "fields": {"action_time": "2022-08-22T12:39:08.086Z", "user": 1, "content_type": 9, "object_id": "7", "object_repr": "ID:7 Termin: 2022-08-22 23:09:28+02:00 Wolny", "action_flag": 2, "change_message": "[{\"changed\": {\"fields\": [\"Taken\"]}}]"}}, {"model": "admin.logentry", "pk": 59, "fields": {"action_time": "2022-08-22T12:39:14.586Z", "user": 1, "content_type": 9, "object_id": "6", "object_repr": "ID:6 Termin: 2022-08-29 13:08:44+02:00 Wolny", "action_flag": 2, "change_message": "[{\"changed\": {\"fields\": [\"Taken\"]}}]"}}, {"model": "admin.logentry", "pk": 60, "fields": {"action_time": "2022-08-22T12:39:54.744Z", "user": 1, "content_type": 9, "object_id": "2", "object_repr": "ID:2 Termin: 2022-08-23 13:08:02+02:00 Wolny", "action_flag": 2, "change_message": "[{\"changed\": {\"fields\": [\"Taken\"]}}]"}}, {"model": "admin.logentry", "pk": 61, "fields": {"action_time": "2022-08-22T12:39:57.532Z", "user": 1, "content_type": 9, "object_id": "3", "object_repr": "ID:3 Termin: 2022-08-23 13:09:33+02:00 Wolny", "action_flag": 2, "change_message": "[{\"changed\": {\"fields\": [\"Taken\"]}}]"}}, {"model": "admin.logentry", "pk": 62, "fields": {"action_time": "2022-08-22T12:40:09.099Z", "user": 1, "content_type": 10, "object_id": "3", "object_repr": "Pacjent: Adam Adamski Lekarz: Piotr Polny  Data: 2022-08-23 11:09:33+00:00", "action_flag": 3, "change_message": ""}}, {"model": "admin.logentry", "pk": 63, "fields": {"action_time": "2022-08-22T12:40:09.287Z", "user": 1, "content_type": 10, "object_id": "2", "object_repr": "Pacjent: Adam Adamski Lekarz: Piotr Polny  Data: 2022-08-23 11:08:02+00:00", "action_flag": 3, "change_message": ""}}, {"model": "admin.logentry", "pk": 64, "fields": {"action_time": "2022-08-22T12:42:57.163Z", "user": 1, "content_type": 9, "object_id": "7", "object_repr": "ID:7 Termin: 2022-08-22 23:09:28+02:00 Wolny", "action_flag": 2, "change_message": "[{\"changed\": {\"fields\": [\"Taken\"]}}]"}}, {"model": "admin.logentry", "pk": 65, "fields": {"action_time": "2022-08-22T12:44:52.295Z", "user": 1, "content_type": 9, "object_id": "8", "object_repr": "ID:8 Termin: 2022-08-22 18:09:59+02:00 Wolny", "action_flag": 2, "change_message": "[{\"changed\": {\"fields\": [\"Taken\"]}}]"}}, {"model": "admin.logentry", "pk": 66, "fields": {"action_time": "2022-08-22T13:40:04.459Z", "user": 1, "content_type": 11, "object_id": "9", "object_repr": "Lekarz: Piotr Polny Specjalizacje: Chirurg", "action_flag": 1, "change_message": "[{\"added\": {}}]"}}, {"model": "admin.logentry", "pk": 67, "fields": {"action_time": "2022-08-22T13:40:14.033Z", "user": 1, "content_type": 11, "object_id": "10", "object_repr": "Lekarz: Roman Romek Specjalizacje: Ortopeda", "action_flag": 1, "change_message": "[{\"added\": {}}]"}}, {"model": "admin.logentry", "pk": 68, "fields": {"action_time": "2022-08-22T13:40:28.469Z", "user": 1, "content_type": 11, "object_id": "11", "object_repr": "Lekarz: Roman Romek Specjalizacje: Dermatolog", "action_flag": 1, "change_message": "[{\"added\": {}}]"}}, {"model": "admin.logentry", "pk": 69, "fields": {"action_time": "2022-08-22T13:41:00.438Z", "user": 1, "content_type": 11, "object_id": "12", "object_repr": "Lekarz: Adam Adamski Specjalizacje: Gastrolog", "action_flag": 1, "change_message": "[{\"added\": {}}]"}}, {"model": "admin.logentry", "pk": 70, "fields": {"action_time": "2022-08-22T13:41:10.645Z", "user": 1, "content_type": 11, "object_id": "13", "object_repr": "Lekarz: Roman Romek Specjalizacje: Internista", "action_flag": 1, "change_message": "[{\"added\": {}}]"}}, {"model": "admin.logentry", "pk": 71, "fields": {"action_time": "2022-08-22T13:42:02.881Z", "user": 1, "content_type": 9, "object_id": "10", "object_repr": "ID:10 Termin: 2022-09-22 15:41:49+02:00 Wolny", "action_flag": 1, "change_message": "[{\"added\": {}}]"}}, {"model": "admin.logentry", "pk": 72, "fields": {"action_time": "2022-08-22T13:42:21.400Z", "user": 1, "content_type": 9, "object_id": "11", "object_repr": "ID:11 Termin: 2023-08-22 15:42:09+02:00 Wolny", "action_flag": 1, "change_message": "[{\"added\": {}}]"}}, {"model": "admin.logentry", "pk": 73, "fields": {"action_time": "2022-08-22T13:43:03.198Z", "user": 1, "content_type": 11, "object_id": "14", "object_repr": "Lekarz: Dominik Toreto Specjalizacje: Urolog", "action_flag": 1, "change_message": "[{\"added\": {}}]"}}, {"model": "admin.logentry", "pk": 74, "fields": {"action_time": "2022-08-22T13:43:38.787Z", "user": 1, "content_type": 11, "object_id": "15", "object_repr": "Lekarz: Adam Adamski Specjalizacje: Psycholog", "action_flag": 1, "change_message": "[{\"added\": {}}]"}}, {"model": "admin.logentry", "pk": 75, "fields": {"action_time": "2022-08-22T13:43:54.008Z", "user": 1, "content_type": 11, "object_id": "16", "object_repr": "Lekarz: Dominik Toreto Specjalizacje: Internista", "action_flag": 1, "change_message": "[{\"added\": {}}]"}}, {"model": "admin.logentry", "pk": 76, "fields": {"action_time": "2022-08-22T13:44:05.481Z", "user": 1, "content_type": 11, "object_id": "17", "object_repr": "Lekarz: Wojciech Toreto Specjalizacje: Endokrynolog", "action_flag": 1, "change_message": "[{\"added\": {}}]"}}, {"model": "admin.logentry", "pk": 77, "fields": {"action_time": "2022-08-22T13:44:24.704Z", "user": 1, "content_type": 9, "object_id": "12", "object_repr": "ID:12 Termin: 2023-08-22 15:44:14+02:00 Wolny", "action_flag": 1, "change_message": "[{\"added\": {}}]"}}, {"model": "admin.logentry", "pk": 78, "fields": {"action_time": "2022-08-22T13:44:39.510Z", "user": 1, "content_type": 9, "object_id": "13", "object_repr": "ID:13 Termin: 2023-08-22 15:44:29+02:00 Wolny", "action_flag": 1, "change_message": "[{\"added\": {}}]"}}, {"model": "admin.logentry", "pk": 79, "fields": {"action_time": "2022-08-22T13:44:59.097Z", "user": 1, "content_type": 9, "object_id": "14", "object_repr": "ID:14 Termin: 2023-08-22 15:44:46+02:00 Wolny", "action_flag": 1, "change_message": "[{\"added\": {}}]"}}, {"model": "admin.logentry", "pk": 80, "fields": {"action_time": "2022-08-22T13:45:19.534Z", "user": 1, "content_type": 9, "object_id": "15", "object_repr": "ID:15 Termin: 2022-08-31 12:00:00+02:00 Wolny", "action_flag": 1, "change_message": "[{\"added\": {}}]"}}, {"model": "admin.logentry", "pk": 81, "fields": {"action_time": "2022-08-22T13:46:06.843Z", "user": 1, "content_type": 11, "object_id": "16", "object_repr": "Lekarz: Dominik Toreto Specjalizacje: Immunolog", "action_flag": 2, "change_message": "[{\"changed\": {\"fields\": [\"Specializations\"]}}]"}}, {"model": "admin.logentry", "pk": 82, "fields": {"action_time": "2022-08-25T09:19:33.752Z", "user": 1, "content_type": 9, "object_id": "15", "object_repr": "ID:15 Termin: 2022-08-31 10:00:00+00:00 Zajŕty ", "action_flag": 3, "change_message": ""}}, {"model": "admin.logentry", "pk": 83, "fields": {"action_time": "2022-08-25T09:19:33.979Z", "user": 1, "content_type": 9, "object_id": "14", "object_repr": "ID:14 Termin: 2023-08-22 13:44:46+00:00 Wolny ", "action_flag": 3, "change_message": ""}}, {"model": "admin.logentry", "pk": 84, "fields": {"action_time": "2022-08-25T09:19:34.089Z", "user": 1, "content_type": 9, "object_id": "13", "object_repr": "ID:13 Termin: 2023-08-22 13:44:29+00:00 Wolny ", "action_flag": 3, "change_message": ""}}, {"model": "admin.logentry", "pk": 85, "fields": {"action_time": "2022-08-25T09:19:34.199Z", "user": 1, "content_type": 9, "object_id": "12", "object_repr": "ID:12 Termin: 2023-08-22 13:44:14+00:00 Wolny ", "action_flag": 3, "change_message": ""}}, {"model": "admin.logentry", "pk": 86, "fields": {"action_time": "2022-08-25T09:19:34.320Z", "user": 1, "content_type": 9, "object_id": "11", "object_repr": "ID:11 Termin: 2023-08-22 13:42:09+00:00 Wolny ", "action_flag": 3, "change_message": ""}}, {"model": "admin.logentry", "pk": 87, "fields": {"action_time": "2022-08-25T09:19:34.452Z", "user": 1, "content_type": 9, "object_id": "10", "object_repr": "ID:10 Termin: 2022-09-22 13:41:49+00:00 Wolny ", "action_flag": 3, "change_message": ""}}, {"model": "admin.logentry", "pk": 88, "fields": {"action_time": "2022-08-25T09:19:34.605Z", "user": 1, "content_type": 9, "object_id": "9", "object_repr": "ID:9 Termin: 2022-08-27 11:10:20+00:00 Zajŕty ", "action_flag": 3, "change_message": ""}}, {"model": "admin.logentry", "pk": 89, "fields": {"action_time": "2022-08-25T09:19:34.760Z", "user": 1, "content_type": 9, "object_id": "8", "object_repr": "ID:8 Termin: 2022-08-22 16:09:59+00:00 Zajŕty ", "action_flag": 3, "change_message": ""}}, {"model": "admin.logentry", "pk": 90, "fields": {"action_time": "2022-08-25T09:19:34.891Z", "user": 1, "content_type": 9, "object_id": "7", "object_repr": "ID:7 Termin: 2022-08-22 21:09:28+00:00 Zajŕty ", "action_flag": 3, "change_message": ""}}, {"model": "admin.logentry", "pk": 91, "fields": {"action_time": "2022-08-25T09:19:35.012Z", "user": 1, "content_type": 9, "object_id": "6", "object_repr": "ID:6 Termin: 2022-08-29 11:08:44+00:00 Wolny ", "action_flag": 3, "change_message": ""}}, {"model": "admin.logentry", "pk": 92, "fields": {"action_time": "2022-08-25T09:19:35.123Z", "user": 1, "content_type": 9, "object_id": "5", "object_repr": "ID:5 Termin: 2022-08-20 11:10:51+00:00 Wolny ", "action_flag": 3, "change_message": ""}}, {"model": "admin.logentry", "pk": 93, "fields": {"action_time": "2022-08-25T09:19:35.254Z", "user": 1, "content_type": 9, "object_id": "4", "object_repr": "ID:4 Termin: 2022-08-24 15:10:09+00:00 Zajŕty ", "action_flag": 3, "change_message": ""}}, {"model": "admin.logentry", "pk": 94, "fields": {"action_time": "2022-08-25T09:19:35.397Z", "user": 1, "content_type": 9, "object_id": "3", "object_repr": "ID:3 Termin: 2022-08-23 11:09:33+00:00 Zajŕty ", "action_flag": 3, "change_message": ""}}, {"model": "admin.logentry", "pk": 95, "fields": {"action_time": "2022-08-25T09:19:35.551Z", "user": 1, "content_type": 9, "object_id": "2", "object_repr": "ID:2 Termin: 2022-08-23 11:08:02+00:00 Zajŕty ", "action_flag": 3, "change_message": ""}}, {"model": "admin.logentry", "pk": 96, "fields": {"action_time": "2022-08-25T09:19:35.694Z", "user": 1, "content_type": 9, "object_id": "1", "object_repr": "ID:1 Termin: 2022-08-20 11:07:47+00:00 Wolny ", "action_flag": 3, "change_message": ""}}, {"model": "admin.logentry", "pk": 97, "fields": {"action_time": "2022-08-25T09:29:54.801Z", "user": 1, "content_type": 9, "object_id": "16", "object_repr": "ID:16 Termin: 2022-08-29 11:29:38+02:00 Wolny Dentysta", "action_flag": 1, "change_message": "[{\"added\": {}}]"}}, {"model": "admin.logentry", "pk": 98, "fields": {"action_time": "2022-08-25T09:30:13.271Z", "user": 1, "content_type": 9, "object_id": "17", "object_repr": "ID:17 Termin: 2022-09-25 11:29:59+02:00 Wolny Alergolog", "action_flag": 1, "change_message": "[{\"added\": {}}]"}}, {"model": "admin.logentry", "pk": 99, "fields": {"action_time": "2022-08-25T09:30:30.915Z", "user": 1, "content_type": 9, "object_id": "18", "object_repr": "ID:18 Termin: 2023-08-25 11:30:17+02:00 Wolny Okulista", "action_flag": 1, "change_message": "[{\"added\": {}}]"}}, {"model": "admin.logentry", "pk": 100, "fields": {"action_time": "2022-08-25T10:17:35.654Z", "user": 1, "content_type": 9, "object_id": "19", "object_repr": "ID:19 Termin: 2022-08-25 18:17:10+02:00 Wolny Gastrolog", "action_flag": 1, "change_message": "[{\"added\": {}}]"}}, {"model": "admin.logentry", "pk": 101, "fields": {"action_time": "2022-08-25T10:56:20.048Z", "user": 1, "content_type": 9, "object_id": "17", "object_repr": "ID:17 Termin: 2022-09-27 13:29:59+02:00 Wolny Psycholog", "action_flag": 2, "change_message": "[{\"changed\": {\"fields\": [\"Date\", \"doctor\", \"SpecializationName\"]}}]"}}, {"model": "admin.logentry", "pk": 102, "fields": {"action_time": "2022-08-25T12:02:39.921Z", "user": 1, "content_type": 9, "object_id": "20", "object_repr": "ID:20 Termin: 2022-11-27 16:02:09+01:00 Wolny Gastrolog", "action_flag": 1, "change_message": "[{\"added\": {}}]"}}, {"model": "admin.logentry", "pk": 103, "fields": {"action_time": "2022-08-25T12:03:42.513Z", "user": 1, "content_type": 10, "object_id": "22", "object_repr": "ID:22 Pacjent: Urszula Kochanowska Lekarz: Adam Adamski  Data: 2022-11-27 13:02:09+00:00", "action_flag": 1, "change_message": "[{\"added\": {}}]"}}, {"model": "admin.logentry", "pk": 104, "fields": {"action_time": "2022-08-25T12:04:05.806Z", "user": 1, "content_type": 10, "object_id": "22", "object_repr": "ID:22 Pacjent: Urszula Kochanowska Lekarz: Adam Adamski  Data: 2022-11-27 13:02:09+00:00", "action_flag": 2, "change_message": "[]"}}, {"model": "admin.logentry", "pk": 105, "fields": {"action_time": "2022-08-25T12:04:36.456Z", "user": 1, "content_type": 9, "object_id": "20", "object_repr": "ID:20 Termin: 2022-11-27 16:02:09+01:00 Zajŕty Gastrolog", "action_flag": 2, "change_message": "[{\"changed\": {\"fields\": [\"Taken\"]}}]"}}, {"model": "admin.logentry", "pk": 106, "fields": {"action_time": "2022-08-29T09:48:53.918Z", "user": 1, "content_type": 4, "object_id": "6", "object_repr": "Michuuuu", "action_flag": 2, "change_message": "[{\"changed\": {\"fields\": [\"Email address\"]}}]"}}, {"model": "admin.logentry", "pk": 107, "fields": {"action_time": "2022-08-29T10:05:27.625Z", "user": 1, "content_type": 4, "object_id": "2", "object_repr": "piotr", "action_flag": 2, "change_message": "[{\"changed\": {\"fields\": [\"Active\"]}}]"}}, {"model": "admin.logentry", "pk": 108, "fields": {"action_time": "2022-08-29T10:06:16.176Z", "user": 1, "content_type": 4, "object_id": "2", "object_repr": "piotr", "action_flag": 2, "change_message": "[{\"changed\": {\"fields\": [\"Active\"]}}]"}}, {"model": "admin.logentry", "pk": 109, "fields": {"action_time": "2022-08-29T13:10:21.455Z", "user": 1, "content_type": 7, "object_id": "6", "object_repr": "Nazwa u┐ytkownika:Michuuuu Typu: Pacjent", "action_flag": 2, "change_message": "[{\"changed\": {\"fields\": [\"TelephoneNumber\"]}}]"}}, {"model": "admin.logentry", "pk": 110, "fields": {"action_time": "2022-09-07T09:08:13.843Z", "user": 1, "content_type": 9, "object_id": "21", "object_repr": "ID:21 Termin: 2022-09-08 13:07:57+02:00 Wolny Dentysta", "action_flag": 1, "change_message": "[{\"added\": {}}]"}}, {"model": "auth.permission", "pk": 1, "fields": {"name": "Can add log entry", "content_type": 1, "codename": "add_logentry"}}, {"model": "auth.permission", "pk": 2, "fields": {"name": "Can change log entry", "content_type": 1, "codename": "change_logentry"}}, {"model": "auth.permission", "pk": 3, "fields": {"name": "Can delete log entry", "content_type": 1, "codename": "delete_logentry"}}, {"model": "auth.permission", "pk": 4, "fields": {"name": "Can view log entry", "content_type": 1, "codename": "view_logentry"}}, {"model": "auth.permission", "pk": 5, "fields": {"name": "Can add permission", "content_type": 2, "codename": "add_permission"}}, {"model": "auth.permission", "pk": 6, "fields": {"name": "Can change permission", "content_type": 2, "codename": "change_permission"}}, {"model": "auth.permission", "pk": 7, "fields": {"name": "Can delete permission", "content_type": 2, "codename": "delete_permission"}}, {"model": "auth.permission", "pk": 8, "fields": {"name": "Can view permission", "content_type": 2, "codename": "view_permission"}}, {"model": "auth.permission", "pk": 9, "fields": {"name": "Can add group", "content_type": 3, "codename": "add_group"}}, {"model": "auth.permission", "pk": 10, "fields": {"name": "Can change group", "content_type": 3, "codename": "change_group"}}, {"model": "auth.permission", "pk": 11, "fields": {"name": "Can delete group", "content_type": 3, "codename": "delete_group"}}, {"model": "auth.permission", "pk": 12, "fields": {"name": "Can view group", "content_type": 3, "codename": "view_group"}}, {"model": "auth.permission", "pk": 13, "fields": {"name": "Can add user", "content_type": 4, "codename": "add_user"}}, {"model": "auth.permission", "pk": 14, "fields": {"name": "Can change user", "content_type": 4, "codename": "change_user"}}, {"model": "auth.permission", "pk": 15, "fields": {"name": "Can delete user", "content_type": 4, "codename": "delete_user"}}, {"model": "auth.permission", "pk": 16, "fields": {"name": "Can view user", "content_type": 4, "codename": "view_user"}}, {"model": "auth.permission", "pk": 17, "fields": {"name": "Can add content type", "content_type": 5, "codename": "add_contenttype"}}, {"model": "auth.permission", "pk": 18, "fields": {"name": "Can change content type", "content_type": 5, "codename": "change_contenttype"}}, {"model": "auth.permission", "pk": 19, "fields": {"name": "Can delete content type", "content_type": 5, "codename": "delete_contenttype"}}, {"model": "auth.permission", "pk": 20, "fields": {"name": "Can view content type", "content_type": 5, "codename": "view_contenttype"}}, {"model": "auth.permission", "pk": 21, "fields": {"name": "Can add session", "content_type": 6, "codename": "add_session"}}, {"model": "auth.permission", "pk": 22, "fields": {"name": "Can change session", "content_type": 6, "codename": "change_session"}}, {"model": "auth.permission", "pk": 23, "fields": {"name": "Can delete session", "content_type": 6, "codename": "delete_session"}}, {"model": "auth.permission", "pk": 24, "fields": {"name": "Can view session", "content_type": 6, "codename": "view_session"}}, {"model": "auth.permission", "pk": 25, "fields": {"name": "Can add customer", "content_type": 7, "codename": "add_customer"}}, {"model": "auth.permission", "pk": 26, "fields": {"name": "Can change customer", "content_type": 7, "codename": "change_customer"}}, {"model": "auth.permission", "pk": 27, "fields": {"name": "Can delete customer", "content_type": 7, "codename": "delete_customer"}}, {"model": "auth.permission", "pk": 28, "fields": {"name": "Can view customer", "content_type": 7, "codename": "view_customer"}}, {"model": "auth.permission", "pk": 29, "fields": {"name": "Can add specialization", "content_type": 8, "codename": "add_specialization"}}, {"model": "auth.permission", "pk": 30, "fields": {"name": "Can change specialization", "content_type": 8, "codename": "change_specialization"}}, {"model": "auth.permission", "pk": 31, "fields": {"name": "Can delete specialization", "content_type": 8, "codename": "delete_specialization"}}, {"model": "auth.permission", "pk": 32, "fields": {"name": "Can view specialization", "content_type": 8, "codename": "view_specialization"}}, {"model": "auth.permission", "pk": 33, "fields": {"name": "Can add term", "content_type": 9, "codename": "add_term"}}, {"model": "auth.permission", "pk": 34, "fields": {"name": "Can change term", "content_type": 9, "codename": "change_term"}}, {"model": "auth.permission", "pk": 35, "fields": {"name": "Can delete term", "content_type": 9, "codename": "delete_term"}}, {"model": "auth.permission", "pk": 36, "fields": {"name": "Can view term", "content_type": 9, "codename": "view_term"}}, {"model": "auth.permission", "pk": 37, "fields": {"name": "Can add visit", "content_type": 10, "codename": "add_visit"}}, {"model": "auth.permission", "pk": 38, "fields": {"name": "Can change visit", "content_type": 10, "codename": "change_visit"}}, {"model": "auth.permission", "pk": 39, "fields": {"name": "Can delete visit", "content_type": 10, "codename": "delete_visit"}}, {"model": "auth.permission", "pk": 40, "fields": {"name": "Can view visit", "content_type": 10, "codename": "view_visit"}}, {"model": "auth.permission", "pk": 41, "fields": {"name": "Can add specialization doctor", "content_type": 11, "codename": "add_specializationdoctor"}}, {"model": "auth.permission", "pk": 42, "fields": {"name": "Can change specialization doctor", "content_type": 11, "codename": "change_specializationdoctor"}}, {"model": "auth.permission", "pk": 43, "fields": {"name": "Can delete specialization doctor", "content_type": 11, "codename": "delete_specializationdoctor"}}, {"model": "auth.permission", "pk": 44, "fields": {"name": "Can view specialization doctor", "content_type": 11, "codename": "view_specializationdoctor"}}, {"model": "auth.user", "pk": 1, "fields": {"password": "pbkdf2_sha256$260000$FL9ncnH2XaJguylZRvl2Jh$FazcRm/5R6Vm/wZwCgydU+LVmIt3DRB5beb1qc+Hgzc=", "last_login": "2022-09-07T09:07:50.686Z", "is_superuser": true, "username": "brutek", "first_name": "", "last_name": "", "email": "oskimaz13@gmail.com", "is_staff": true, "is_active": true, "date_joined": "2022-08-18T10:01:53.066Z", "groups": [], "user_permissions": []}}, {"model": "auth.user", "pk": 2, "fields": {"password": "pbkdf2_sha256$260000$F7E4HbFXSGFtyvWNNq07wH$UXCgK0GD5as9ZLy6X/8gK8lpjQOFzwOG5OYsYJo//pg=", "last_login": null, "is_superuser": false, "username": "piotr", "first_name": "", "last_name": "", "email": "PiotrP@gmail.com", "is_staff": false, "is_active": true, "date_joined": "2022-08-18T10:04:40Z", "groups": [], "user_permissions": []}}, {"model": "auth.user", "pk": 3, "fields": {"password": "pbkdf2_sha256$260000$6oYtLwN22q3jDMmGDsMmmu$j3MU1o6xIHVIBdE2kAsi7c6DfCR4pzbV9tTfCXbkQ7c=", "last_login": "2022-09-07T09:07:40.384Z", "is_superuser": false, "username": "adam56", "first_name": "", "last_name": "", "email": "adam56@gmail.com", "is_staff": false, "is_active": true, "date_joined": "2022-08-18T10:10:03Z", "groups": [], "user_permissions": []}}, {"model": "auth.user", "pk": 4, "fields": {"password": "pbkdf2_sha256$260000$Es2lvSQWtNQy1HmVwGMRLD$F8ZiJCoxT/tZHQDz0j21ygY5v5fbSPoEbWVRoqfF+T8=", "last_login": "2022-08-20T10:23:41.845Z", "is_superuser": false, "username": "DominikT", "first_name": "", "last_name": "", "email": "DominikT23@gmail.com", "is_staff": false, "is_active": true, "date_joined": "2022-08-20T10:11:09.654Z", "groups": [], "user_permissions": []}}, {"model": "auth.user", "pk": 5, "fields": {"password": "pbkdf2_sha256$260000$KByjb0WylBeN5kENhoW1rn$DCMIovZav/u3Os703Sv4MkMUphcLAB8B1fBF3zW3wVw=", "last_login": "2022-08-25T10:55:23.289Z", "is_superuser": false, "username": "TomekR", "first_name": "", "last_name": "", "email": "tomek@tomek.pl", "is_staff": false, "is_active": true, "date_joined": "2022-08-20T10:49:47.779Z", "groups": [], "user_permissions": []}}, {"model": "auth.user", "pk": 6, "fields": {"password": "pbkdf2_sha256$260000$pwZANZ7BVCRDFQ6ADs3UzH$nD/WDxbCeLoCdU8wyn3/qEU2rpQP7M/RRI+SQ55jWHw=", "last_login": "2022-09-07T09:07:08.044Z", "is_superuser": false, "username": "Michuuuu", "first_name": "", "last_name": "", "email": "168461@stud.prz.edu.pl", "is_staff": false, "is_active": true, "date_joined": "2022-08-20T10:51:16Z", "groups": [], "user_permissions": []}}, {"model": "auth.user", "pk": 7, "fields": {"password": "pbkdf2_sha256$260000$BWe9Ex5k6sh8yxP7ZnXfn8$xJfThRwvpJ8UW1bwEP1oE9ta3RuMk52HpVkcACBsBPI=", "last_login": null, "is_superuser": false, "username": "ROMAN4", "first_name": "", "last_name": "", "email": "RomekR@gmail.com", "is_staff": false, "is_active": true, "date_joined": "2022-08-22T10:54:40.386Z", "groups": [], "user_permissions": []}}, {"model": "auth.user", "pk": 8, "fields": {"password": "pbkdf2_sha256$260000$sUdETkRB2XWDGLV7eiVKJi$ZZFOA/SazVHpPsdmFE4j+TToSPGyQgFcLsCedzdQTvU=", "last_login": null, "is_superuser": false, "username": "Wojciech546789", "first_name": "", "last_name": "", "email": "WT@gmail.com", "is_staff": false, "is_active": true, "date_joined": "2022-08-22T10:56:04.562Z", "groups": [], "user_permissions": []}}, {"model": "auth.user", "pk": 9, "fields": {"password": "pbkdf2_sha256$260000$HqQPFNfsAAQno3zAl8NUXM$tdSX4U/oNS1sa+pA6rT0R+uln0KimxFpbLYIwMpBkO0=", "last_login": null, "is_superuser": false, "username": "Krzyť123", "first_name": "", "last_name": "", "email": "KP@gmail.com", "is_staff": false, "is_active": true, "date_joined": "2022-08-23T06:37:19.626Z", "groups": [], "user_permissions": []}}, {"model": "auth.user", "pk": 10, "fields": {"password": "pbkdf2_sha256$260000$DERQWF0ReHljVsHR7qafQB$JcF1RWm/X+Au3aKxv6R7UZxV1JaVSWWxoW5weFVMy8E=", "last_login": null, "is_superuser": false, "username": "Urszula123e", "first_name": "", "last_name": "", "email": "ULAK@gmail.com", "is_staff": false, "is_active": true, "date_joined": "2022-08-23T06:41:25.465Z", "groups": [], "user_permissions": []}}, {"model": "auth.user", "pk": 11, "fields": {"password": "pbkdf2_sha256$260000$p7PEEngA58OrLbolLBNUMU$6UgJ9v6n1RHQNjg0+6QrQ8v1EehmHpXrMpqM9asUNSk=", "last_login": null, "is_superuser": false, "username": "JAN123", "first_name": "", "last_name": "", "email": "oskimaz13@gmail.com", "is_staff": false, "is_active": true, "date_joined": "2022-08-29T10:38:49.413Z", "groups": [], "user_permissions": []}}, {"model": "auth.user", "pk": 12, "fields": {"password": "pbkdf2_sha256$260000$QFgcpOEFq56YeN5AQADkJy$gZXVQM3l7gH/iyylncz1MHa+rcQZYwrVtc/hF2uMQvk=", "last_login": null, "is_superuser": false, "username": "UUUU", "first_name": "", "last_name": "", "email": "oskimaz13@gmail.com", "is_staff": false, "is_active": false, "date_joined": "2022-08-29T10:40:35.584Z", "groups": [], "user_permissions": []}}, {"model": "auth.user", "pk": 13, "fields": {"password": "pbkdf2_sha256$260000$xJuIi71xbjRy598NEMQooT$7PJhRLJV8R2YLMUt04CvX2tRlNN35Vy/xXrqaIYXNME=", "last_login": null, "is_superuser": false, "username": "JAN123565", "first_name": "", "last_name": "", "email": "oskimaz13@gmail.com", "is_staff": false, "is_active": false, "date_joined": "2022-08-29T10:41:11.598Z", "groups": [], "user_permissions": []}}, {"model": "auth.user", "pk": 14, "fields": {"password": "pbkdf2_sha256$260000$etvyqcQEMBgsqPCNZqq2OH$uqrUfvdwbfrCpFN11iWopiLqGRRI1mZMqQYChK5w4Rg=", "last_login": null, "is_superuser": false, "username": "oskarM456", "first_name": "", "last_name": "", "email": "168461@stud.prz.edu.pl", "is_staff": false, "is_active": false, "date_joined": "2022-08-29T10:46:40.348Z", "groups": [], "user_permissions": []}}, {"model": "auth.user", "pk": 15, "fields": {"password": "pbkdf2_sha256$260000$qI806ZSBlwsPqqUyPREN9n$tHMlu9VZi84h/t704lAlHdqNEZhM1MwvnzBVXRtxv+4=", "last_login": "2022-08-29T10:56:25.673Z", "is_superuser": false, "username": "DominikR", "first_name": "", "last_name": "", "email": "168461@stud.prz.edu.pl", "is_staff": false, "is_active": true, "date_joined": "2022-08-29T10:55:42.744Z", "groups": [], "user_permissions": []}}, {"model": "contenttypes.contenttype", "pk": 1, "fields": {"app_label": "admin", "model": "logentry"}}, {"model": "contenttypes.contenttype", "pk": 2, "fields": {"app_label": "auth", "model": "permission"}}, {"model": "contenttypes.contenttype", "pk": 3, "fields": {"app_label": "auth", "model": "group"}}, {"model": "contenttypes.contenttype", "pk": 4, "fields": {"app_label": "auth", "model": "user"}}, {"model": "contenttypes.contenttype", "pk": 5, "fields": {"app_label": "contenttypes", "model": "contenttype"}}, {"model": "contenttypes.contenttype", "pk": 6, "fields": {"app_label": "sessions", "model": "session"}}, {"model": "contenttypes.contenttype", "pk": 7, "fields": {"app_label": "Przychodnia", "model": "customer"}}, {"model": "contenttypes.contenttype", "pk": 8, "fields": {"app_label": "Przychodnia", "model": "specialization"}}, {"model": "contenttypes.contenttype", "pk": 9, "fields": {"app_label": "Przychodnia", "model": "term"}}, {"model": "contenttypes.contenttype", "pk": 10, "fields": {"app_label": "Przychodnia", "model": "visit"}}, {"model": "contenttypes.contenttype", "pk": 11, "fields": {"app_label": "Przychodnia", "model": "specializationdoctor"}}, {"model": "sessions.session", "pk": "1wrhn7dt4tdbs7nb6am3z4iucyn3xz3y", "fields": {"session_data": ".eJxVjEEOwiAQRe_C2pAODNC6dN8zNMMAUjWQlHZlvLsh6UK3_73332KhY8_L0eK2rEFchRWX380TP2PpIDyo3KvkWvZt9bIr8qRNzjXE1-10_w4ytdzrNKQEHl30OCkA5IR2ZNIGyDBG1IwKPWtFFEzyMIzOuokTRABQRny-98k37A:1oVr1Y:YoTRbd0ojQJEPlFT73Y5jJ17iBUl4V_T2i9CMfD-R4k", "expire_date": "2022-09-21T09:07:08.164Z"}}, {"model": "sessions.session", "pk": "61r3tjwjg6g6t7mdj3kqzf9rrcqdsrij", "fields": {"session_data": ".eJxVjDsOwjAQBe_iGlkJ_lPS5wyW17uLA8iW4qRC3B0ipYD2zcx7iZi2tcSt0xJnFBcxitPvBik_qO4A76nemsytrssMclfkQbucGtLzerh_ByX18q3PxuikyCIlZwwSgkJNpNgrgqDcABkG45gVc86ag7UZgjMjeOuCJ_H-AAyeOOQ:1oR9Px:FhDxuDO894aae9BZQsxDM-sg1f8SEUVKC8LeMhn7Usg", "expire_date": "2022-09-08T09:44:53.176Z"}}, {"model": "sessions.session", "pk": "62hpr6naotclqnvw3w30gg5ekepz5yx8", "fields": {"session_data": ".eJxVjDsOwjAQBe_iGlkJ_lPS5wyW17uLA8iW4qRC3B0ipYD2zcx7iZi2tcSt0xJnFBcxitPvBik_qO4A76nemsytrssMclfkQbucGtLzerh_ByX18q3PxuikyCIlZwwSgkJNpNgrgqDcABkG45gVc86ag7UZgjMjeOuCJ_H-AAyeOOQ:1oQ3T5:xefT1mzVCKLCpT5vP__6UgeFD_tNz-6Vo1INJ06IrjA", "expire_date": "2022-09-05T09:11:35.208Z"}}, {"model": "sessions.session", "pk": "98ku8w319kptbpaeqqn4zaak70noa80p", "fields": {"session_data": ".eJxVjDsOwjAQBe_iGlkJ_lPS5wyW17uLA8iW4qRC3B0ipYD2zcx7iZi2tcSt0xJnFBcxitPvBik_qO4A76nemsytrssMclfkQbucGtLzerh_ByX18q3PxuikyCIlZwwSgkJNpNgrgqDcABkG45gVc86ag7UZgjMjeOuCJ_H-AAyeOOQ:1oR992:o31jr7WV0OFfLQycxQ_mcSgnVVKtWm4VuRibLGWenJQ", "expire_date": "2022-09-08T09:27:24.657Z"}}, {"model": "sessions.session", "pk": "dhttv9jut04razwn6gxdrjwvppm0fuh0", "fields": {"session_data": ".eJxVjDsOwjAQBe_iGlkJ_lPS5wyW17uLA8iW4qRC3B0ipYD2zcx7iZi2tcSt0xJnFBcxitPvBik_qO4A76nemsytrssMclfkQbucGtLzerh_ByX18q3PxuikyCIlZwwSgkJNpNgrgqDcABkG45gVc86ag7UZgjMjeOuCJ_H-AAyeOOQ:1oVr2E:XW7FwmGF0JygrfIJaRoJ2AbwIwkOQsCTv4L4Rh3xf98", "expire_date": "2022-09-21T09:07:50.787Z"}}, {"model": "sessions.session", "pk": "ksq5w1riz7asbzf6txc2tu0320sinbhr", "fields": {"session_data": ".eJxVjDsOwjAQBe_iGlkJ_lPS5wyW17uLA8iW4qRC3B0ipYD2zcx7iZi2tcSt0xJnFBcxitPvBik_qO4A76nemsytrssMclfkQbucGtLzerh_ByX18q3PxuikyCIlZwwSgkJNpNgrgqDcABkG45gVc86ag7UZgjMjeOuCJ_H-AAyeOOQ:1oPLDB:GuDb3Q7X3IpOD7V5UiY3E63oPhTeJz_oIvsP6neVfCs", "expire_date": "2022-09-03T09:56:13.922Z"}}, {"model": "sessions.session", "pk": "qxy5hg0a7m3b5uzw1yklyy5n74t46afg", "fields": {"session_data": ".eJxVjDsOwjAQBe_iGlkJ_lPS5wyW17uLA8iW4qRC3B0ipYD2zcx7iZi2tcSt0xJnFBcxitPvBik_qO4A76nemsytrssMclfkQbucGtLzerh_ByX18q3PxuikyCIlZwwSgkJNpNgrgqDcABkG45gVc86ag7UZgjMjeOuCJ_H-AAyeOOQ:1oR9cu:H5vshNdbxi8M6cB_aDF1E8Il2qGKdYSXXHROT6arxyI", "expire_date": "2022-09-08T09:58:16.946Z"}}, {"model": "sessions.session", "pk": "ry6bpge3acr5tfsfla17sxn0yaor8tuo", "fields": {"session_data": ".eJxVjEEOwiAUBe_C2hDaXwRcuvcM5MEHqZo2Ke3KeHdL0oXuXt5M5i08trX4rabFjywugsTp9wuIzzQ1wA9M91nGeVqXMcimyINWeZs5va6H-xcoqKVlVXYUhgCNjKyss4iko-16l3lfithqMxgE1_EZhoaed2ChEBOREZ8v89Q4Xw:1oQQPm:dbiC5DIfPO13cPdjaDo-zrD7KXFS_YPb3nP5l4w4IHI", "expire_date": "2022-09-06T09:41:42.395Z"}}, {"model": "Przychodnia.customer", "pk": 1, "fields": {"user": 2, "userType": "DOC", "pesel": 33333333333, "name": "Piotr", "surname": "Polny", "telephoneNumber": 888777444, "street": "D│uga1", "city": "Pozna˝", "zipCode": "33-223"}}, {"model": "Przychodnia.customer", "pk": 2, "fields": {"user": 1, "userType": "ADM", "pesel": 444555222, "name": "Oskar", "surname": "Mazurek", "telephoneNumber": 111222111, "street": "Tamata11", "city": "Warszawa", "zipCode": "44-332"}}, {"model": "Przychodnia.customer", "pk": 3, "fields": {"user": 3, "userType": "DOC", "pesel": 444444, "name": "Adam", "surname": "Adamski", "telephoneNumber": 777444111, "street": "Adminowa 4", "city": "Rzeszˇw", "zipCode": "55-887"}}, {"model": "Przychodnia.customer", "pk": 4, "fields": {"user": 4, "userType": "DOC", "pesel": 6663332200111, "name": "Dominik", "surname": "Toreto", "telephoneNumber": 777555221, "street": "Ameryka˝ska 44", "city": "Los Angeles", "zipCode": "77-776"}}, {"model": "Przychodnia.customer", "pk": 5, "fields": {"user": 5, "userType": "PAT", "pesel": 444555222111, "name": "Tomasz", "surname": "Romek", "telephoneNumber": 11221133, "street": "Domkowa 22", "city": "Radom", "zipCode": "44-087"}}, {"model": "Przychodnia.customer", "pk": 6, "fields": {"user": 6, "userType": "PAT", "pesel": 745212652, "name": "Micha│", "surname": "Sowi", "telephoneNumber": 691042000, "street": "Mnoga 44", "city": "Wroc│aw", "zipCode": "34-087"}}, {"model": "Przychodnia.customer", "pk": 7, "fields": {"user": 7, "userType": "DOC", "pesel": 854215852, "name": "Roman", "surname": "Romek", "telephoneNumber": 788412698, "street": "Rˇ┐ana 45", "city": "Tychy", "zipCode": "89-054"}}, {"model": "Przychodnia.customer", "pk": 8, "fields": {"user": 8, "userType": "DOC", "pesel": 4567890, "name": "Wojciech", "surname": "Toreto", "telephoneNumber": 334467874, "street": "Umienna 55", "city": "Radom", "zipCode": "45-980"}}, {"model": "Przychodnia.customer", "pk": 9, "fields": {"user": 9, "userType": "PAT", "pesel": 181, "name": "Krzysztof", "surname": "Polak", "telephoneNumber": 333222111, "street": "Przebiťniegowa 134", "city": "Tychy", "zipCode": "69-475"}}, {"model": "Przychodnia.customer", "pk": 10, "fields": {"user": 10, "userType": "PAT", "pesel": 23651255204, "name": "Urszula", "surname": "Kochanowska", "telephoneNumber": 987654123, "street": "Kochanowskiego 9", "city": "Czarnolas", "zipCode": "88-654"}}, {"model": "Przychodnia.customer", "pk": 11, "fields": {"user": 14, "userType": "PAT", "pesel": 8525252052, "name": "Oskar", "surname": "Mazurek", "telephoneNumber": 565221333, "street": "Mazurska 78", "city": "Wadowice", "zipCode": "69-111"}}, {"model": "Przychodnia.customer", "pk": 12, "fields": {"user": 15, "userType": "PAT", "pesel": 41256252, "name": "Dominik", "surname": "Romek", "telephoneNumber": 111222330, "street": "Warszawska 54", "city": "Warszawa", "zipCode": "33-043"}}, {"model": "Przychodnia.term", "pk": 16, "fields": {"date": "2022-08-30T09:29:38Z", "taken": true, "doctor": 3, "room": "412", "specializationName": "Dentysta"}}, {"model": "Przychodnia.term", "pk": 17, "fields": {"date": "2022-09-27T09:29:59Z", "taken": true, "doctor": 3, "room": "552", "specializationName": "Psycholog"}}, {"model": "Przychodnia.term", "pk": 18, "fields": {"date": "2023-08-25T09:30:17Z", "taken": false, "doctor": 4, "room": "123", "specializationName": "Okulista"}}, {"model": "Przychodnia.term", "pk": 19, "fields": {"date": "2022-08-25T16:17:10Z", "taken": true, "doctor": 3, "room": "24", "specializationName": "Gastrolog"}}, {"model": "Przychodnia.term", "pk": 20, "fields": {"date": "2022-11-27T13:02:09Z", "taken": true, "doctor": 3, "room": "33", "specializationName": "Gastrolog"}}, {"model": "Przychodnia.term", "pk": 21, "fields": {"date": "2022-09-08T09:07:57Z", "taken": true, "doctor": 3, "room": "33", "specializationName": "Dentysta"}}, {"model": "Przychodnia.visit", "pk": 19, "fields": {"patient": 6, "purpose": "Bˇl zŕba ˇsemki", "term": 16}}, {"model": "Przychodnia.visit", "pk": 20, "fields": {"patient": 6, "purpose": "Bˇl brzucha", "term": 19}}, {"model": "Przychodnia.visit", "pk": 21, "fields": {"patient": 5, "purpose": "Porada psychologiczna", "term": 17}}, {"model": "Przychodnia.visit", "pk": 22, "fields": {"patient": 10, "purpose": "Bˇl brzucha", "term": 20}}, {"model": "Przychodnia.visit", "pk": 24, "fields": {"patient": 6, "purpose": "Wybity z╣b\r\n", "term": 21}}, {"model": "Przychodnia.specialization", "pk": 1, "fields": {"name": "Dentysta"}}, {"model": "Przychodnia.specialization", "pk": 2, "fields": {"name": "Logopeda"}}, {"model": "Przychodnia.specialization", "pk": 3, "fields": {"name": "Alergolog"}}, {"model": "Przychodnia.specialization", "pk": 4, "fields": {"name": "Chirurg"}}, {"model": "Przychodnia.specialization", "pk": 5, "fields": {"name": "Okulista"}}, {"model": "Przychodnia.specialization", "pk": 6, "fields": {"name": "Ortopeda"}}, {"model": "Przychodnia.specialization", "pk": 7, "fields": {"name": "Reumatolog"}}, {"model": "Przychodnia.specialization", "pk": 8, "fields": {"name": "Dermatolog"}}, {"model": "Przychodnia.specialization", "pk": 9, "fields": {"name": "Gastrolog"}}, {"model": "Przychodnia.specialization", "pk": 10, "fields": {"name": "Internista"}}, {"model": "Przychodnia.specialization", "pk": 11, "fields": {"name": "Urolog"}}, {"model": "Przychodnia.specialization", "pk": 12, "fields": {"name": "Immunolog"}}, {"model": "Przychodnia.specialization", "pk": 13, "fields": {"name": "Endokrynolog"}}, {"model": "Przychodnia.specialization", "pk": 14, "fields": {"name": "Psycholog"}}, {"model": "Przychodnia.specialization", "pk": 15, "fields": {"name": "Pediatra"}}, {"model": "Przychodnia.specializationdoctor", "pk": 1, "fields": {"doctor": 1, "specializations": 1}}, {"model": "Przychodnia.specializationdoctor", "pk": 2, "fields": {"doctor": 1, "specializations": 2}}, {"model": "Przychodnia.specializationdoctor", "pk": 3, "fields": {"doctor": 3, "specializations": 1}}, {"model": "Przychodnia.specializationdoctor", "pk": 4, "fields": {"doctor": 4, "specializations": 5}}, {"model": "Przychodnia.specializationdoctor", "pk": 6, "fields": {"doctor": 8, "specializations": 15}}, {"model": "Przychodnia.specializationdoctor", "pk": 7, "fields": {"doctor": 7, "specializations": 3}}, {"model": "Przychodnia.specializationdoctor", "pk": 8, "fields": {"doctor": 7, "specializations": 7}}, {"model": "Przychodnia.specializationdoctor", "pk": 9, "fields": {"doctor": 1, "specializations": 4}}, {"model": "Przychodnia.specializationdoctor", "pk": 10, "fields": {"doctor": 7, "specializations": 6}}, {"model": "Przychodnia.specializationdoctor", "pk": 11, "fields": {"doctor": 7, "specializations": 8}}, {"model": "Przychodnia.specializationdoctor", "pk": 12, "fields": {"doctor": 3, "specializations": 9}}, {"model": "Przychodnia.specializationdoctor", "pk": 13, "fields": {"doctor": 7, "specializations": 10}}, {"model": "Przychodnia.specializationdoctor", "pk": 14, "fields": {"doctor": 4, "specializations": 11}}, {"model": "Przychodnia.specializationdoctor", "pk": 15, "fields": {"doctor": 3, "specializations": 14}}, {"model": "Przychodnia.specializationdoctor", "pk": 16, "fields": {"doctor": 4, "specializations": 12}}, {"model": "Przychodnia.specializationdoctor", "pk": 17, "fields": {"doctor": 8, "specializations": 13}}]
